immunity,u_waning
V1,0.01131
V2,0.01131
V3,0.010433
